title,author,year,journal,doi
Machine Learning Algorithms for Big Data Analysis,Dr. Sarah Johnson,2023,IEEE Transactions on Knowledge and Data Engineering,10.1109/TKDE.2023.1234567
Deep Learning Applications in Computer Vision,Prof. Michael Chen,2023,Nature Machine Intelligence,10.1038/s42256-023-00123-4
Blockchain Technology in Healthcare Systems,Dr. Emily Rodriguez,2023,Journal of Medical Internet Research,10.2196/12345
Quantum Computing and Cryptography,Dr. David Kim,2023,Physical Review Letters,10.1103/PhysRevLett.123.456789
Artificial Intelligence in Autonomous Vehicles,Prof. Lisa Wang,2023,IEEE Transactions on Intelligent Transportation Systems,10.1109/TITS.2023.1234567
Natural Language Processing for Sentiment Analysis,Dr. Robert Smith,2023,Computational Linguistics,10.1162/coli_a_00456
Cybersecurity Threats in IoT Devices,Dr. Jennifer Brown,2023,IEEE Security & Privacy,10.1109/MSEC.2023.1234567
Cloud Computing Performance Optimization,Prof. William Davis,2023,ACM Computing Surveys,10.1145/1234567.1234567
Data Mining Techniques for Social Networks,Dr. Maria Garcia,2023,Knowledge and Information Systems,10.1007/s10115-023-12345-6
Neural Networks for Pattern Recognition,Dr. James Wilson,2023,Neural Networks,10.1016/j.neunet.2023.123456
Software Engineering Best Practices,Prof. Patricia Miller,2023,IEEE Software,10.1109/MS.2023.1234567
Human-Computer Interaction Design,Dr. Thomas Anderson,2023,ACM Transactions on Computer-Human Interaction,10.1145/1234567.1234567
Database Systems Optimization,Dr. Linda Taylor,2023,ACM Transactions on Database Systems,10.1145/1234567.1234567
Computer Graphics and Visualization,Prof. Christopher Lee,2023,ACM Transactions on Graphics,10.1145/1234567.1234567
Distributed Systems Architecture,Dr. Amanda White,2023,ACM Transactions on Computer Systems,10.1145/1234567.1234567
Mobile Application Development,Dr. Kevin Martinez,2023,IEEE Pervasive Computing,10.1109/MPRV.2023.1234567
Web Security and Privacy,Prof. Rachel Thompson,2023,ACM Computing Surveys,10.1145/1234567.1234567
Computer Networks Performance,Dr. Steven Jackson,2023,IEEE/ACM Transactions on Networking,10.1109/TNET.2023.1234567
Operating Systems Design,Dr. Nancy Harris,2023,ACM Transactions on Computer Systems,10.1145/1234567.1234567
Information Retrieval Systems,Prof. Mark Clark,2023,Information Retrieval Journal,10.1007/s10791-023-12345-6
Machine Learning for Healthcare,Dr. Susan Lewis,2023,Journal of the American Medical Informatics Association,10.1093/jamia/123456
Artificial Intelligence Ethics,Dr. Daniel Walker,2023,AI & Society,10.1007/s00146-023-12345-6
Computer Vision in Robotics,Prof. Karen Hall,2023,International Journal of Computer Vision,10.1007/s11263-023-12345-6
Data Science and Analytics,Dr. Paul Allen,2023,Journal of Data Science,10.1007/s10618-023-12345-6
Cryptocurrency and Blockchain,Dr. Michelle Young,2023,Financial Innovation,10.1186/s40854-023-12345-6
Virtual Reality and Augmented Reality,Prof. Gary King,2023,Presence: Teleoperators and Virtual Environments,10.1162/pres_a_00456
Internet of Things Security,Dr. Sandra Wright,2023,IEEE Internet of Things Journal,10.1109/JIOT.2023.1234567
Bioinformatics and Computational Biology,Dr. Raymond Green,2023,Bioinformatics,10.1093/bioinformatics/bt123456
Wireless Communication Systems,Prof. Donna Baker,2023,IEEE Transactions on Wireless Communications,10.1109/TWC.2023.1234567
Computer Architecture Optimization,Dr. Timothy Adams,2023,IEEE Computer Architecture Letters,10.1109/LCA.2023.1234567
Digital Signal Processing,Dr. Barbara Nelson,2023,IEEE Transactions on Signal Processing,10.1109/TSP.2023.1234567
Software Testing and Quality Assurance,Prof. Richard Carter,2023,IEEE Transactions on Software Engineering,10.1109/TSE.2023.1234567
Computer Security and Cryptography,Dr. Margaret Mitchell,2023,IEEE Transactions on Information Forensics and Security,10.1109/TIFS.2023.1234567
Parallel and Distributed Computing,Dr. Joseph Turner,2023,IEEE Transactions on Parallel and Distributed Systems,10.1109/TPDS.2023.1234567
Machine Learning Optimization,Prof. Elizabeth Phillips,2023,Journal of Machine Learning Research,10.5555/1234567.1234567
Human-Robot Interaction,Dr. George Campbell,2023,International Journal of Social Robotics,10.1007/s12369-023-12345-6
Cloud Security and Privacy,Dr. Helen Parker,2023,IEEE Cloud Computing,10.1109/MCC.2023.1234567
Computer Graphics Algorithms,Prof. Ronald Evans,2023,Computer Graphics Forum,10.1111/cgf.12345
Data Compression Techniques,Dr. Cynthia Edwards,2023,IEEE Transactions on Information Theory,10.1109/TIT.2023.1234567
Network Security Protocols,Dr. Frank Collins,2023,Computer Networks,10.1016/j.comnet.2023.123456
Artificial Neural Networks,Prof. Sharon Stewart,2023,Neural Computing and Applications,10.1007/s00521-023-12345-6
Mobile Computing Systems,Dr. Gregory Sanchez,2023,IEEE Pervasive Computing,10.1109/MPRV.2023.1234567
Computer Vision Algorithms,Dr. Ruth Morris,2023,Pattern Recognition,10.1016/j.patcog.2023.123456
Database Security and Privacy,Prof. Kenneth Rogers,2023,ACM Transactions on Database Systems,10.1145/1234567.1234567
Software Architecture Design,Dr. Laura Reed,2023,IEEE Software,10.1109/MS.2023.1234567
Machine Learning in Finance,Dr. Bruce Cook,2023,Journal of Financial Economics,10.1016/j.jfineco.2023.123456
Cybersecurity Risk Assessment,Prof. Janet Bell,2023,Risk Analysis,10.1111/risa.12345
Computer Networks Optimization,Dr. Howard Murphy,2023,Computer Networks,10.1016/j.comnet.2023.123456
Human-Computer Interaction,Dr. Katherine Rivera,2023,International Journal of Human-Computer Studies,10.1016/j.ijhcs.2023.123456
Data Mining and Knowledge Discovery,Prof. Arthur Cooper,2023,Data Mining and Knowledge Discovery,10.1007/s10618-023-12345-6
